time,temperature
1864.0,3.16
1864.0833333333333,3.2641666666666667
1864.1666666666667,3.3683333333333336
1864.25,3.4725
1864.3333333333333,3.5766666666666667
1864.4166666666667,3.6808333333333336
1864.5,3.785
1864.5833333333333,3.889166666666667
1864.6666666666667,3.9933333333333336
1864.75,4.0975
1864.8333333333333,4.201666666666667
1864.9166666666667,4.305833333333334
1865.0,4.41
1865.0,4.422142857142857
1865.0833333333333,4.434285714285714
1865.1666666666667,4.446428571428571
1865.25,4.458571428571429
1865.3333333333333,4.470714285714286
1865.4166666666667,4.482857142857143
1865.5,4.495
1865.5833333333333,4.507142857142857
1865.6666666666667,4.519285714285714
1865.75,4.531428571428571
1865.8333333333333,4.543571428571429
1865.9166666666667,4.555714285714286
1866.0,4.567857142857143
1866.0,4.58
1866.0833333333333,4.54
1866.1666666666667,4.5
1866.25,4.46
1866.3333333333333,4.42
1866.4166666666667,4.38
1866.5,4.34
1866.5833333333333,4.3
1866.6666666666667,4.26
1866.75,4.22
1866.8333333333333,4.18
1866.9166666666667,4.14
1867.0,4.1
1867.0,4.06
1867.0833333333333,4.121666666666666
1867.1666666666667,4.183333333333333
1867.25,4.244999999999999
1867.3333333333333,4.306666666666667
1867.4166666666667,4.368333333333333
1867.5,4.43
1867.5833333333333,4.491666666666666
1867.6666666666667,4.553333333333333
1867.75,4.615
1867.8333333333333,4.676666666666667
1867.9166666666667,4.738333333333333
1868.0,4.8
1868.0,4.745
1868.0833333333333,4.6899999999999995
1868.1666666666667,4.635
1868.25,4.58
1868.3333333333333,4.525
1868.4166666666667,4.47
1868.5,4.415
1868.5833333333333,4.36
1868.6666666666667,4.305
1868.75,4.25
1868.8333333333333,4.195
1868.9166666666667,4.140000000000001
1869.0,4.085
1869.0,4.03
1869.0833333333333,3.974166666666667
1869.1666666666667,3.9183333333333334
1869.25,3.8625000000000003
1869.3333333333333,3.8066666666666666
1869.4166666666667,3.7508333333333335
1869.5,3.6950000000000003
1869.5833333333333,3.6391666666666667
1869.6666666666667,3.5833333333333335
1869.75,3.5275
1869.8333333333333,3.4716666666666667
1869.9166666666667,3.415833333333333
1870.0,3.36
1870.0,3.338461538461538
1870.0833333333333,3.316923076923077
1870.1666666666667,3.295384615384615
1870.25,3.273846153846154
1870.3333333333333,3.252307692307692
1870.4166666666667,3.230769230769231
1870.5,3.209230769230769
1870.5833333333333,3.187692307692308
1870.6666666666667,3.166153846153846
1870.75,3.144615384615385
1870.8333333333333,3.123076923076923
1870.9166666666667,3.1015384615384614
1871.0,3.08
1871.0,3.1935714285714285
1871.0833333333333,3.3071428571428574
1871.1666666666667,3.420714285714286
1871.25,3.5342857142857143
1871.3333333333333,3.647857142857143
1871.4166666666667,3.7614285714285716
1871.5,3.875
1871.5833333333333,3.9885714285714284
1871.6666666666667,4.102142857142857
1871.75,4.215714285714286
1871.8333333333333,4.329285714285714
1871.9166666666667,4.442857142857143
1872.0,4.5564285714285715
1872.0,4.67
1872.0833333333333,4.65
1872.1666666666667,4.63
1872.25,4.61
1872.3333333333333,4.59
1872.4166666666667,4.57
1872.5,4.55
1872.5833333333333,4.53
1872.6666666666667,4.51
1872.75,4.49
1872.8333333333333,4.47
1872.9166666666667,4.45
1873.0,4.43
1873.0,4.41
1873.0833333333333,4.358333333333333
1873.1666666666667,4.306666666666667
1873.25,4.255
1873.3333333333333,4.203333333333333
1873.4166666666667,4.151666666666666
1873.5,4.1
1873.5833333333333,4.048333333333334
1873.6666666666667,3.9966666666666666
1873.75,3.9450000000000003
1873.8333333333333,3.8933333333333335
1873.9166666666667,3.841666666666667
1874.0,3.79
1874.0,3.7942857142857145
1874.0833333333333,3.7985714285714285
1874.1666666666667,3.802857142857143
1874.25,3.8071428571428574
1874.3333333333333,3.8114285714285714
1874.4166666666667,3.815714285714286
1874.5,3.8200000000000003
1874.5833333333333,3.8242857142857143
1874.6666666666667,3.8285714285714287
1874.75,3.8328571428571427
1874.8333333333333,3.837142857142857
1874.9166666666667,3.8414285714285716
1875.0,3.8457142857142856
1875.0,3.85
1875.0833333333333,3.8792307692307695
1875.1666666666667,3.9084615384615384
1875.25,3.937692307692308
1875.3333333333333,3.966923076923077
1875.4166666666667,3.996153846153846
1875.5,4.025384615384616
1875.5833333333333,4.054615384615385
1875.6666666666667,4.083846153846154
1875.75,4.113076923076924
1875.8333333333333,4.142307692307693
1875.9166666666667,4.171538461538462
1876.0,4.2007692307692315
1876.0,4.23
1876.0833333333333,4.215833333333333
1876.1666666666667,4.201666666666667
1876.25,4.1875
1876.3333333333333,4.173333333333334
1876.4166666666667,4.159166666666667
1876.5,4.145
1876.5833333333333,4.130833333333333
1876.6666666666667,4.116666666666666
1876.75,4.1025
1876.8333333333333,4.088333333333333
1876.9166666666667,4.074166666666667
1877.0,4.06
1877.0,4.022142857142857
1877.0833333333333,3.984285714285714
1877.1666666666667,3.946428571428571
1877.25,3.9085714285714284
1877.3333333333333,3.8707142857142856
1877.4166666666667,3.8328571428571427
1877.5,3.795
1877.5833333333333,3.7571428571428567
1877.6666666666667,3.719285714285714
1877.75,3.681428571428571
1877.8333333333333,3.6435714285714282
1877.9166666666667,3.6057142857142854
1878.0,3.5678571428571426
1878.0,3.53
1878.0833333333333,3.473333333333333
1878.1666666666667,3.4166666666666665
1878.25,3.36
1878.3333333333333,3.3033333333333332
1878.4166666666667,3.2466666666666666
1878.5,3.19
1878.5833333333333,3.1333333333333333
1878.6666666666667,3.0766666666666667
1878.75,3.02
1878.8333333333333,2.9633333333333334
1878.9166666666667,2.9066666666666667
1879.0,2.85
1879.0,2.976923076923077
1879.0833333333333,3.103846153846154
1879.1666666666667,3.230769230769231
1879.25,3.3576923076923078
1879.3333333333333,3.4846153846153847
1879.4166666666667,3.6115384615384616
1879.5,3.7384615384615385
1879.5833333333333,3.8653846153846154
1879.6666666666667,3.9923076923076923
1879.75,4.11923076923077
1879.8333333333333,4.246153846153846
1879.9166666666667,4.373076923076923
1880.0,4.5
1880.0,4.46076923076923
1880.0833333333333,4.421538461538462
1880.1666666666667,4.382307692307692
1880.25,4.343076923076923
1880.3333333333333,4.303846153846154
1880.4166666666667,4.264615384615385
1880.5,4.225384615384615
1880.5833333333333,4.186153846153847
1880.6666666666667,4.146923076923077
1880.75,4.107692307692308
1880.8333333333333,4.068461538461539
1880.9166666666667,4.02923076923077
1881.0,3.99
1881.0,3.996153846153846
1881.0833333333333,4.002307692307692
1881.1666666666667,4.008461538461539
1881.25,4.014615384615385
1881.3333333333333,4.020769230769231
1881.4166666666667,4.026923076923077
1881.5,4.033076923076924
1881.5833333333333,4.03923076923077
1881.6666666666667,4.045384615384616
1881.75,4.0515384615384615
1881.8333333333333,4.057692307692308
1881.9166666666667,4.063846153846154
1882.0,4.07
1882.0,4.023076923076923
1882.0833333333333,3.9761538461538466
1882.1666666666667,3.9292307692307693
1882.25,3.8823076923076925
1882.3333333333333,3.8353846153846156
1882.4166666666667,3.7884615384615388
1882.5,3.7415384615384615
1882.5833333333333,3.6946153846153846
1882.6666666666667,3.647692307692308
1882.75,3.600769230769231
1882.8333333333333,3.5538461538461537
1882.9166666666667,3.506923076923077
1883.0,3.46
1883.0,3.516923076923077
1883.0833333333333,3.5738461538461537
1883.1666666666667,3.6307692307692307
1883.25,3.687692307692308
1883.3333333333333,3.7446153846153845
1883.4166666666667,3.8015384615384615
1883.5,3.8584615384615386
1883.5833333333333,3.9153846153846157
1883.6666666666667,3.9723076923076923
1883.75,4.02923076923077
1883.8333333333333,4.086153846153846
1883.9166666666667,4.143076923076923
1884.0,4.2
1884.0,4.192857142857143
1884.0833333333333,4.185714285714286
1884.1666666666667,4.178571428571429
1884.25,4.171428571428572
1884.3333333333333,4.164285714285715
1884.4166666666667,4.1571428571428575
1884.5,4.15
1884.5833333333333,4.142857142857142
1884.6666666666667,4.135714285714285
1884.75,4.128571428571428
1884.8333333333333,4.121428571428571
1884.9166666666667,4.114285714285714
1885.0,4.107142857142857
1885.0,4.1
1885.0833333333333,4.09
1885.1666666666667,4.08
1885.25,4.069999999999999
1885.3333333333333,4.06
1885.4166666666667,4.05
1885.5,4.04
1885.5833333333333,4.03
1885.6666666666667,4.02
1885.75,4.01
1885.8333333333333,4.0
1885.9166666666667,3.99
1886.0,3.98
1886.0,3.97
1886.0833333333333,3.8858333333333337
1886.1666666666667,3.8016666666666667
1886.25,3.7175000000000002
1886.3333333333333,3.6333333333333333
1886.4166666666667,3.549166666666667
1886.5,3.465
1886.5833333333333,3.3808333333333334
1886.6666666666667,3.296666666666667
1886.75,3.2125
1886.8333333333333,3.1283333333333334
1886.9166666666667,3.0441666666666665
1887.0,2.96
1887.0,2.98
1887.0833333333333,3.0
1887.1666666666667,3.02
1887.25,3.04
1887.3333333333333,3.06
1887.4166666666667,3.08
1887.5,3.1
1887.5833333333333,3.12
1887.6666666666667,3.14
1887.75,3.16
1887.8333333333333,3.18
1887.9166666666667,3.2
1888.0,3.22
1888.0,3.24
1888.0833333333333,3.223076923076923
1888.1666666666667,3.206153846153846
1888.25,3.1892307692307695
1888.3333333333333,3.1723076923076925
1888.4166666666667,3.1553846153846155
1888.5,3.1384615384615384
1888.5833333333333,3.121538461538462
1888.6666666666667,3.1046153846153848
1888.75,3.0876923076923077
1888.8333333333333,3.0707692307692307
1888.9166666666667,3.053846153846154
1889.0,3.036923076923077
1889.0,3.02
1889.0833333333333,3.03
1889.1666666666667,3.04
1889.25,3.05
1889.3333333333333,3.06
1889.4166666666667,3.07
1889.5,3.08
1889.5833333333333,3.09
1889.6666666666667,3.1
1889.75,3.11
1889.8333333333333,3.12
1889.9166666666667,3.13
1890.0,3.14
1890.0,3.15
1890.0833333333333,3.1576923076923076
1890.1666666666667,3.1653846153846152
1890.25,3.173076923076923
1890.3333333333333,3.1807692307692306
1890.4166666666667,3.1884615384615382
1890.5,3.196153846153846
1890.5833333333333,3.203846153846154
1890.6666666666667,3.2115384615384617
1890.75,3.2192307692307693
1890.8333333333333,3.226923076923077
1890.9166666666667,3.2346153846153847
1891.0,3.2423076923076923
1891.0,3.25
1891.0833333333333,3.3030769230769232
1891.1666666666667,3.356153846153846
1891.25,3.4092307692307693
1891.3333333333333,3.462307692307692
1891.4166666666667,3.5153846153846153
1891.5,3.5684615384615386
1891.5833333333333,3.6215384615384614
1891.6666666666667,3.6746153846153846
1891.75,3.7276923076923074
1891.8333333333333,3.7807692307692307
1891.9166666666667,3.833846153846154
1892.0,3.8869230769230767
1892.0,3.94
1892.0833333333333,3.9675
1892.1666666666667,3.995
1892.25,4.0225
1892.3333333333333,4.05
1892.4166666666667,4.0775
1892.5,4.1049999999999995
1892.5833333333333,4.132499999999999
1892.6666666666667,4.16
1892.75,4.1875
1892.8333333333333,4.215
1892.9166666666667,4.2425
1893.0,4.27
1893.0,4.25076923076923
1893.0833333333333,4.231538461538461
1893.1666666666667,4.212307692307692
1893.25,4.193076923076923
1893.3333333333333,4.173846153846154
1893.4166666666667,4.154615384615385
1893.5,4.1353846153846145
1893.5833333333333,4.116153846153845
1893.6666666666667,4.096923076923076
1893.75,4.077692307692307
1893.8333333333333,4.058461538461538
1893.9166666666667,4.039230769230769
1894.0,4.02
1894.0,3.9938461538461536
1894.0833333333333,3.967692307692307
1894.1666666666667,3.941538461538461
1894.25,3.9153846153846152
1894.3333333333333,3.8892307692307693
1894.4166666666667,3.863076923076923
1894.5,3.836923076923077
1894.5833333333333,3.810769230769231
1894.6666666666667,3.7846153846153845
1894.75,3.7584615384615385
1894.8333333333333,3.7323076923076925
1894.9166666666667,3.706153846153846
1895.0,3.68
1895.0,3.653571428571429
1895.0833333333333,3.6271428571428572
1895.1666666666667,3.600714285714286
1895.25,3.5742857142857143
1895.3333333333333,3.547857142857143
1895.4166666666667,3.5214285714285714
1895.5,3.495
1895.5833333333333,3.468571428571429
1895.6666666666667,3.442142857142857
1895.75,3.415714285714286
1895.8333333333333,3.3892857142857142
1895.9166666666667,3.362857142857143
1896.0,3.3364285714285713
1896.0,3.31
1896.0833333333333,3.3984615384615386
1896.1666666666667,3.486923076923077
1896.25,3.5753846153846154
1896.3333333333333,3.663846153846154
1896.4166666666667,3.752307692307692
1896.5,3.8407692307692307
1896.5833333333333,3.9292307692307693
1896.6666666666667,4.0176923076923075
1896.75,4.1061538461538465
1896.8333333333333,4.194615384615385
1896.9166666666667,4.283076923076923
1897.0,4.371538461538462
1897.0,4.46
1897.0833333333333,4.481538461538461
1897.1666666666667,4.503076923076923
1897.25,4.524615384615385
1897.3333333333333,4.546153846153846
1897.4166666666667,4.567692307692308
1897.5,4.5892307692307694
1897.5833333333333,4.610769230769231
1897.6666666666667,4.632307692307692
1897.75,4.653846153846154
1897.8333333333333,4.6753846153846155
1897.9166666666667,4.696923076923077
1898.0,4.718461538461539
1898.0,4.74
1898.0833333333333,4.729166666666667
1898.1666666666667,4.718333333333334
1898.25,4.7075000000000005
1898.3333333333333,4.696666666666667
1898.4166666666667,4.685833333333334
1898.5,4.675000000000001
1898.5833333333333,4.664166666666667
1898.6666666666667,4.653333333333333
1898.75,4.6425
1898.8333333333333,4.631666666666667
1898.9166666666667,4.620833333333334
1899.0,4.61
1899.0,4.601538461538462
1899.0833333333333,4.593076923076923
1899.1666666666667,4.584615384615385
1899.25,4.576153846153846
1899.3333333333333,4.567692307692308
1899.4166666666667,4.559230769230769
1899.5,4.550769230769231
1899.5833333333333,4.542307692307692
1899.6666666666667,4.533846153846154
1899.75,4.525384615384615
1899.8333333333333,4.516923076923077
1899.9166666666667,4.508461538461538
1900.0,4.5
1900.0,4.421428571428572
1900.0833333333333,4.3428571428571425
1900.1666666666667,4.264285714285714
1900.25,4.185714285714286
1900.3333333333333,4.107142857142857
1900.4166666666667,4.0285714285714285
1900.5,3.95
1900.5833333333333,3.8714285714285714
1900.6666666666667,3.7928571428571427
1900.75,3.7142857142857144
1900.8333333333333,3.6357142857142857
1900.9166666666667,3.557142857142857
1901.0,3.4785714285714286
1901.0,3.4
1901.0833333333333,3.4338461538461535
1901.1666666666667,3.4676923076923076
1901.25,3.5015384615384613
1901.3333333333333,3.5353846153846153
1901.4166666666667,3.569230769230769
1901.5,3.603076923076923
1901.5833333333333,3.6369230769230767
1901.6666666666667,3.670769230769231
1901.75,3.7046153846153844
1901.8333333333333,3.7384615384615385
1901.9166666666667,3.772307692307692
1902.0,3.806153846153846
1902.0,3.84
1902.0833333333333,3.8449999999999998
1902.1666666666667,3.8499999999999996
1902.25,3.855
1902.3333333333333,3.86
1902.4166666666667,3.8649999999999998
1902.5,3.87
1902.5833333333333,3.875
1902.6666666666667,3.88
1902.75,3.885
1902.8333333333333,3.8899999999999997
1902.9166666666667,3.895
1903.0,3.9
1903.0,3.9485714285714284
1903.0833333333333,3.997142857142857
1903.1666666666667,4.045714285714285
1903.25,4.094285714285714
1903.3333333333333,4.142857142857143
1903.4166666666667,4.191428571428571
1903.5,4.24
1903.5833333333333,4.288571428571428
1903.6666666666667,4.337142857142857
1903.75,4.385714285714286
1903.8333333333333,4.434285714285714
1903.9166666666667,4.482857142857143
1904.0,4.531428571428571
1904.0,4.58
1904.0833333333333,4.495833333333334
1904.1666666666667,4.411666666666667
1904.25,4.3275
1904.3333333333333,4.243333333333333
1904.4166666666667,4.159166666666667
1904.5,4.075
1904.5833333333333,3.9908333333333332
1904.6666666666667,3.9066666666666667
1904.75,3.8225
1904.8333333333333,3.7383333333333333
1904.9166666666667,3.654166666666667
1905.0,3.57
1905.0,3.5935714285714284
1905.0833333333333,3.617142857142857
1905.1666666666667,3.6407142857142856
1905.25,3.664285714285714
1905.3333333333333,3.6878571428571427
1905.4166666666667,3.7114285714285713
1905.5,3.735
1905.5833333333333,3.7585714285714285
1905.6666666666667,3.782142857142857
1905.75,3.8057142857142856
1905.8333333333333,3.829285714285714
1905.9166666666667,3.8528571428571428
1906.0,3.8764285714285713
1906.0,3.9
1906.0833333333333,3.9008333333333334
1906.1666666666667,3.9016666666666664
1906.25,3.9025
1906.3333333333333,3.9033333333333333
1906.4166666666667,3.904166666666667
1906.5,3.9050000000000002
1906.5833333333333,3.9058333333333333
1906.6666666666667,3.9066666666666667
1906.75,3.9075
1906.8333333333333,3.908333333333333
1906.9166666666667,3.9091666666666667
1907.0,3.91
1907.0,3.8992307692307695
1907.0833333333333,3.8884615384615384
1907.1666666666667,3.8776923076923078
1907.25,3.866923076923077
1907.3333333333333,3.856153846153846
1907.4166666666667,3.8453846153846154
1907.5,3.8346153846153848
1907.5833333333333,3.823846153846154
1907.6666666666667,3.813076923076923
1907.75,3.8023076923076924
1907.8333333333333,3.7915384615384617
1907.9166666666667,3.7807692307692307
1908.0,3.77
1908.0,3.726153846153846
1908.0833333333333,3.6823076923076923
1908.1666666666667,3.6384615384615384
1908.25,3.5946153846153845
1908.3333333333333,3.5507692307692307
1908.4166666666667,3.5069230769230773
1908.5,3.4630769230769234
1908.5833333333333,3.4192307692307695
1908.6666666666667,3.3753846153846156
1908.75,3.331538461538462
1908.8333333333333,3.287692307692308
1908.9166666666667,3.243846153846154
1909.0,3.2
1909.0,3.2369230769230772
1909.0833333333333,3.273846153846154
1909.1666666666667,3.310769230769231
1909.25,3.347692307692308
1909.3333333333333,3.3846153846153846
1909.4166666666667,3.4215384615384616
1909.5,3.4584615384615387
1909.5833333333333,3.4953846153846158
1909.6666666666667,3.5323076923076924
1909.75,3.5692307692307694
1909.8333333333333,3.6061538461538465
1909.9166666666667,3.643076923076923
1910.0,3.68
1910.0,3.769230769230769
1910.0833333333333,3.8584615384615386
1910.1666666666667,3.9476923076923076
1910.25,4.036923076923077
1910.3333333333333,4.126153846153846
1910.4166666666667,4.2153846153846155
1910.5,4.304615384615385
1910.5833333333333,4.3938461538461535
1910.6666666666667,4.483076923076923
1910.75,4.572307692307692
1910.8333333333333,4.661538461538462
1910.9166666666667,4.75076923076923
1911.0,4.84
1911.0,4.7628571428571425
1911.0833333333333,4.685714285714286
1911.1666666666667,4.6085714285714285
1911.25,4.531428571428571
1911.3333333333333,4.454285714285714
1911.4166666666667,4.377142857142857
1911.5,4.3
1911.5833333333333,4.222857142857142
1911.6666666666667,4.145714285714286
1911.75,4.0685714285714285
1911.8333333333333,3.991428571428571
1911.9166666666667,3.914285714285714
1912.0,3.837142857142857
1912.0,3.76
1912.0833333333333,3.805833333333333
1912.1666666666667,3.8516666666666666
1912.25,3.8975
1912.3333333333333,3.943333333333333
1912.4166666666667,3.9891666666666663
1912.5,4.035
1912.5833333333333,4.080833333333333
1912.6666666666667,4.126666666666666
1912.75,4.172499999999999
1912.8333333333333,4.218333333333333
1912.9166666666667,4.264166666666666
1913.0,4.31
1913.0,4.281538461538461
1913.0833333333333,4.2530769230769225
1913.1666666666667,4.224615384615384
1913.25,4.1961538461538455
1913.3333333333333,4.167692307692308
1913.4166666666667,4.139230769230769
1913.5,4.110769230769231
1913.5833333333333,4.082307692307692
1913.6666666666667,4.053846153846154
1913.75,4.025384615384615
1913.8333333333333,3.996923076923077
1913.9166666666667,3.9684615384615385
1914.0,3.94
1914.0,3.927142857142857
1914.0833333333333,3.914285714285714
1914.1666666666667,3.9014285714285712
1914.25,3.8885714285714283
1914.3333333333333,3.8757142857142854
1914.4166666666667,3.8628571428571425
1914.5,3.8499999999999996
1914.5833333333333,3.837142857142857
1914.6666666666667,3.8242857142857143
1914.75,3.8114285714285714
1914.8333333333333,3.7985714285714285
1914.9166666666667,3.7857142857142856
1915.0,3.7728571428571427
1915.0,3.76
1915.0833333333333,3.790833333333333
1915.1666666666667,3.8216666666666663
1915.25,3.8525
1915.3333333333333,3.8833333333333333
1915.4166666666667,3.9141666666666666
1915.5,3.945
1915.5833333333333,3.975833333333333
1915.6666666666667,4.006666666666667
1915.75,4.0375
1915.8333333333333,4.068333333333333
1915.9166666666667,4.099166666666666
1916.0,4.13
1916.0,4.070714285714286
1916.0833333333333,4.011428571428572
1916.1666666666667,3.952142857142857
1916.25,3.892857142857143
1916.3333333333333,3.8335714285714286
1916.4166666666667,3.774285714285714
1916.5,3.715
1916.5833333333333,3.6557142857142857
1916.6666666666667,3.5964285714285715
1916.75,3.537142857142857
1916.8333333333333,3.4778571428571428
1916.9166666666667,3.418571428571428
1917.0,3.359285714285714
1917.0,3.3
1917.0833333333333,3.3858333333333333
1917.1666666666667,3.4716666666666667
1917.25,3.5575
1917.3333333333333,3.643333333333333
1917.4166666666667,3.7291666666666665
1917.5,3.815
1917.5833333333333,3.9008333333333334
1917.6666666666667,3.986666666666667
1917.75,4.0725
1917.8333333333333,4.158333333333333
1917.9166666666667,4.244166666666667
1918.0,4.33
1918.0,4.260714285714286
1918.0833333333333,4.191428571428571
1918.1666666666667,4.122142857142857
1918.25,4.0528571428571425
1918.3333333333333,3.9835714285714285
1918.4166666666667,3.914285714285714
1918.5,3.8449999999999998
1918.5833333333333,3.775714285714286
1918.6666666666667,3.7064285714285714
1918.75,3.637142857142857
1918.8333333333333,3.567857142857143
1918.9166666666667,3.498571428571428
1919.0,3.4292857142857143
1919.0,3.36
1919.0833333333333,3.4907692307692306
1919.1666666666667,3.6215384615384614
1919.25,3.752307692307692
1919.3333333333333,3.883076923076923
1919.4166666666667,4.013846153846154
1919.5,4.144615384615385
1919.5833333333333,4.275384615384615
1919.6666666666667,4.406153846153845
1919.75,4.536923076923077
1919.8333333333333,4.667692307692308
1919.9166666666667,4.798461538461538
1920.0,4.929230769230768
1920.0,5.06
1920.0833333333333,5.074166666666667
1920.1666666666667,5.088333333333333
1920.25,5.1025
1920.3333333333333,5.116666666666666
1920.4166666666667,5.130833333333333
1920.5,5.145
1920.5833333333333,5.159166666666667
1920.6666666666667,5.173333333333334
1920.75,5.1875
1920.8333333333333,5.201666666666667
1920.9166666666667,5.215833333333333
1921.0,5.23
1921.0,5.111538461538462
1921.0833333333333,4.993076923076924
1921.1666666666667,4.874615384615385
1921.25,4.756153846153847
1921.3333333333333,4.6376923076923084
1921.4166666666667,4.519230769230769
1921.5,4.400769230769231
1921.5833333333333,4.282307692307692
1921.6666666666667,4.163846153846154
1921.75,4.045384615384616
1921.8333333333333,3.926923076923077
1921.9166666666667,3.808461538461539
1922.0,3.69
1922.0,3.7414285714285715
1922.0833333333333,3.7928571428571427
1922.1666666666667,3.8442857142857143
1922.25,3.895714285714286
1922.3333333333333,3.947142857142857
1922.4166666666667,3.9985714285714287
1922.5,4.05
1922.5833333333333,4.101428571428571
1922.6666666666667,4.152857142857143
1922.75,4.204285714285715
1922.8333333333333,4.255714285714285
1922.9166666666667,4.307142857142857
1923.0,4.3585714285714285
1923.0,4.41
1923.0833333333333,4.381666666666667
1923.1666666666667,4.3533333333333335
1923.25,4.325
1923.3333333333333,4.296666666666667
1923.4166666666667,4.2683333333333335
1923.5,4.24
1923.5833333333333,4.211666666666667
1923.6666666666667,4.183333333333334
1923.75,4.155
1923.8333333333333,4.126666666666667
1923.9166666666667,4.098333333333334
1924.0,4.07
1924.0,4.067142857142858
1924.0833333333333,4.064285714285715
1924.1666666666667,4.061428571428571
1924.25,4.058571428571429
1924.3333333333333,4.055714285714286
1924.4166666666667,4.052857142857143
1924.5,4.050000000000001
1924.5833333333333,4.047142857142857
1924.6666666666667,4.0442857142857145
1924.75,4.041428571428572
1924.8333333333333,4.038571428571429
1924.9166666666667,4.035714285714286
1925.0,4.032857142857143
1925.0,4.03
1925.0833333333333,4.089166666666667
1925.1666666666667,4.148333333333333
1925.25,4.2075000000000005
1925.3333333333333,4.266666666666667
1925.4166666666667,4.325833333333334
1925.5,4.385
1925.5833333333333,4.444166666666667
1925.6666666666667,4.503333333333334
1925.75,4.5625
1925.8333333333333,4.621666666666667
1925.9166666666667,4.680833333333334
1926.0,4.74
1926.0,4.723571428571429
1926.0833333333333,4.707142857142857
1926.1666666666667,4.690714285714286
1926.25,4.674285714285714
1926.3333333333333,4.657857142857143
1926.4166666666667,4.6414285714285715
1926.5,4.625
1926.5833333333333,4.6085714285714285
1926.6666666666667,4.592142857142857
1926.75,4.575714285714286
1926.8333333333333,4.559285714285714
1926.9166666666667,4.542857142857143
1927.0,4.526428571428571
1927.0,4.51
1927.0833333333333,4.539166666666667
1927.1666666666667,4.568333333333333
1927.25,4.5975
1927.3333333333333,4.626666666666667
1927.4166666666667,4.655833333333334
1927.5,4.6850000000000005
1927.5833333333333,4.714166666666666
1927.6666666666667,4.743333333333333
1927.75,4.7725
1927.8333333333333,4.801666666666667
1927.9166666666667,4.8308333333333335
1928.0,4.86
1928.0,4.8064285714285715
1928.0833333333333,4.752857142857144
1928.1666666666667,4.699285714285715
1928.25,4.645714285714286
1928.3333333333333,4.592142857142857
1928.4166666666667,4.538571428571429
1928.5,4.485
1928.5833333333333,4.4314285714285715
1928.6666666666667,4.377857142857144
1928.75,4.324285714285715
1928.8333333333333,4.270714285714286
1928.9166666666667,4.217142857142857
1929.0,4.163571428571429
1929.0,4.11
1929.0833333333333,4.176666666666667
1929.1666666666667,4.243333333333334
1929.25,4.3100000000000005
1929.3333333333333,4.376666666666667
1929.4166666666667,4.443333333333333
1929.5,4.51
1929.5833333333333,4.576666666666667
1929.6666666666667,4.6433333333333335
1929.75,4.71
1929.8333333333333,4.776666666666667
1929.9166666666667,4.843333333333334
1930.0,4.91
1930.0,4.816923076923077
1930.0833333333333,4.723846153846154
1930.1666666666667,4.630769230769231
1930.25,4.537692307692308
1930.3333333333333,4.444615384615385
1930.4166666666667,4.351538461538461
1930.5,4.258461538461539
1930.5833333333333,4.165384615384616
1930.6666666666667,4.072307692307692
1930.75,3.9792307692307696
1930.8333333333333,3.8861538461538463
1930.9166666666667,3.7930769230769235
1931.0,3.7
1931.0,3.743846153846154
1931.0833333333333,3.787692307692308
1931.1666666666667,3.831538461538462
1931.25,3.875384615384615
1931.3333333333333,3.919230769230769
1931.4166666666667,3.963076923076923
1931.5,4.006923076923076
1931.5833333333333,4.05076923076923
1931.6666666666667,4.094615384615384
1931.75,4.138461538461538
1931.8333333333333,4.182307692307692
1931.9166666666667,4.226153846153846
1932.0,4.27
1932.0,4.238571428571428
1932.0833333333333,4.207142857142856
1932.1666666666667,4.175714285714285
1932.25,4.144285714285714
1932.3333333333333,4.112857142857143
1932.4166666666667,4.081428571428571
1932.5,4.05
1932.5833333333333,4.018571428571429
1932.6666666666667,3.987142857142857
1932.75,3.9557142857142855
1932.8333333333333,3.9242857142857144
1932.9166666666667,3.892857142857143
1933.0,3.861428571428571
1933.0,3.83
1933.0833333333333,3.93
1933.1666666666667,4.03
1933.25,4.13
1933.3333333333333,4.23
1933.4166666666667,4.33
1933.5,4.43
1933.5833333333333,4.53
1933.6666666666667,4.63
1933.75,4.73
1933.8333333333333,4.83
1933.9166666666667,4.93
1934.0,5.03
1934.0,5.13
1934.0833333333333,5.0375
1934.1666666666667,4.945
1934.25,4.8525
1934.3333333333333,4.76
1934.4166666666667,4.6674999999999995
1934.5,4.574999999999999
1934.5833333333333,4.4825
1934.6666666666667,4.39
1934.75,4.297499999999999
1934.8333333333333,4.205
1934.9166666666667,4.1125
1935.0,4.02
1935.0,4.048461538461538
1935.0833333333333,4.076923076923077
1935.1666666666667,4.105384615384615
1935.25,4.133846153846154
1935.3333333333333,4.162307692307692
1935.4166666666667,4.190769230769231
1935.5,4.2192307692307685
1935.5833333333333,4.247692307692307
1935.6666666666667,4.2761538461538455
1935.75,4.304615384615384
1935.8333333333333,4.333076923076923
1935.9166666666667,4.361538461538461
1936.0,4.39
1936.0,4.403846153846153
1936.0833333333333,4.417692307692308
1936.1666666666667,4.431538461538461
1936.25,4.445384615384615
1936.3333333333333,4.4592307692307696
1936.4166666666667,4.473076923076923
1936.5,4.486923076923077
1936.5833333333333,4.50076923076923
1936.6666666666667,4.514615384615385
1936.75,4.5284615384615385
1936.8333333333333,4.542307692307692
1936.9166666666667,4.556153846153847
1937.0,4.57
1937.0,4.558571428571429
1937.0833333333333,4.547142857142857
1937.1666666666667,4.535714285714286
1937.25,4.524285714285715
1937.3333333333333,4.512857142857143
1937.4166666666667,4.501428571428572
1937.5,4.49
1937.5833333333333,4.478571428571429
1937.6666666666667,4.467142857142857
1937.75,4.4557142857142855
1937.8333333333333,4.444285714285715
1937.9166666666667,4.432857142857143
1938.0,4.421428571428572
1938.0,4.41
1938.0833333333333,4.379166666666666
1938.1666666666667,4.348333333333334
1938.25,4.3175
1938.3333333333333,4.286666666666667
1938.4166666666667,4.255833333333333
1938.5,4.225
1938.5833333333333,4.194166666666667
1938.6666666666667,4.163333333333333
1938.75,4.1325
1938.8333333333333,4.101666666666667
1938.9166666666667,4.070833333333334
1939.0,4.04
1939.0,3.9946153846153845
1939.0833333333333,3.9492307692307693
1939.1666666666667,3.9038461538461537
1939.25,3.8584615384615386
1939.3333333333333,3.813076923076923
1939.4166666666667,3.767692307692308
1939.5,3.7223076923076923
1939.5833333333333,3.676923076923077
1939.6666666666667,3.6315384615384616
1939.75,3.5861538461538465
1939.8333333333333,3.540769230769231
1939.9166666666667,3.4953846153846158
1940.0,3.45
1940.0,3.4571428571428573
1940.0833333333333,3.4642857142857144
1940.1666666666667,3.4714285714285715
1940.25,3.4785714285714286
1940.3333333333333,3.4857142857142858
1940.4166666666667,3.492857142857143
1940.5,3.5
1940.5833333333333,3.507142857142857
1940.6666666666667,3.5142857142857142
1940.75,3.5214285714285714
1940.8333333333333,3.5285714285714285
1940.9166666666667,3.5357142857142856
1941.0,3.5428571428571427
1941.0,3.55
1941.0833333333333,3.6133333333333333
1941.1666666666667,3.6766666666666663
1941.25,3.7399999999999998
1941.3333333333333,3.8033333333333332
1941.4166666666667,3.8666666666666663
1941.5,3.9299999999999997
1941.5833333333333,3.993333333333333
1941.6666666666667,4.056666666666667
1941.75,4.119999999999999
1941.8333333333333,4.183333333333333
1941.9166666666667,4.246666666666666
1942.0,4.31
1942.0,4.377857142857143
1942.0833333333333,4.445714285714286
1942.1666666666667,4.513571428571428
1942.25,4.581428571428571
1942.3333333333333,4.649285714285714
1942.4166666666667,4.717142857142857
1942.5,4.785
1942.5833333333333,4.852857142857142
1942.6666666666667,4.920714285714285
1942.75,4.988571428571428
1942.8333333333333,5.0564285714285715
1942.9166666666667,5.124285714285714
1943.0,5.192142857142857
1943.0,5.26
1943.0833333333333,5.150833333333333
1943.1666666666667,5.041666666666666
1943.25,4.9325
1943.3333333333333,4.823333333333333
1943.4166666666667,4.714166666666666
1943.5,4.605
1943.5833333333333,4.495833333333334
1943.6666666666667,4.386666666666667
1943.75,4.2775
1943.8333333333333,4.168333333333333
1943.9166666666667,4.059166666666667
1944.0,3.95
1944.0,4.023846153846154
1944.0833333333333,4.0976923076923075
1944.1666666666667,4.171538461538462
1944.25,4.245384615384616
1944.3333333333333,4.319230769230769
1944.4166666666667,4.393076923076923
1944.5,4.466923076923077
1944.5833333333333,4.5407692307692304
1944.6666666666667,4.614615384615385
1944.75,4.688461538461539
1944.8333333333333,4.762307692307692
1944.9166666666667,4.836153846153846
1945.0,4.91
1945.0,4.896923076923077
1945.0833333333333,4.883846153846154
1945.1666666666667,4.8707692307692305
1945.25,4.857692307692308
1945.3333333333333,4.844615384615385
1945.4166666666667,4.831538461538462
1945.5,4.818461538461539
1945.5833333333333,4.805384615384615
1945.6666666666667,4.792307692307692
1945.75,4.77923076923077
1945.8333333333333,4.766153846153847
1945.9166666666667,4.753076923076923
1946.0,4.74
1946.0,4.802857142857143
1946.0833333333333,4.865714285714286
1946.1666666666667,4.928571428571429
1946.25,4.991428571428572
1946.3333333333333,5.054285714285714
1946.4166666666667,5.117142857142857
1946.5,5.18
1946.5833333333333,5.242857142857143
1946.6666666666667,5.305714285714286
1946.75,5.368571428571428
1946.8333333333333,5.4314285714285715
1946.9166666666667,5.494285714285715
1947.0,5.557142857142857
1947.0,5.62
1947.0833333333333,5.593846153846154
1947.1666666666667,5.567692307692308
1947.25,5.541538461538462
1947.3333333333333,5.515384615384615
1947.4166666666667,5.48923076923077
1947.5,5.463076923076923
1947.5833333333333,5.436923076923077
1947.6666666666667,5.4107692307692306
1947.75,5.384615384615385
1947.8333333333333,5.358461538461539
1947.9166666666667,5.332307692307692
1948.0,5.306153846153847
1948.0,5.28
1948.0833333333333,5.291538461538462
1948.1666666666667,5.303076923076923
1948.25,5.314615384615385
1948.3333333333333,5.326153846153846
1948.4166666666667,5.337692307692308
1948.5,5.349230769230769
1948.5833333333333,5.360769230769231
1948.6666666666667,5.372307692307692
1948.75,5.383846153846154
1948.8333333333333,5.395384615384615
1948.9166666666667,5.406923076923077
1949.0,5.418461538461538
1949.0,5.43
1949.0833333333333,5.399230769230769
1949.1666666666667,5.368461538461538
1949.25,5.337692307692308
1949.3333333333333,5.306923076923077
1949.4166666666667,5.276153846153846
1949.5,5.245384615384616
1949.5833333333333,5.214615384615384
1949.6666666666667,5.1838461538461535
1949.75,5.153076923076923
1949.8333333333333,5.122307692307692
1949.9166666666667,5.091538461538462
1950.0,5.060769230769231
1950.0,5.03
1950.0833333333333,5.004166666666666
1950.1666666666667,4.9783333333333335
1950.25,4.952500000000001
1950.3333333333333,4.926666666666667
1950.4166666666667,4.900833333333333
1950.5,4.875
1950.5833333333333,4.849166666666667
1950.6666666666667,4.823333333333333
1950.75,4.797499999999999
1950.8333333333333,4.7716666666666665
1950.9166666666667,4.745833333333334
1951.0,4.72
1951.0,4.696923076923077
1951.0833333333333,4.673846153846154
1951.1666666666667,4.650769230769231
1951.25,4.627692307692308
1951.3333333333333,4.604615384615385
1951.4166666666667,4.581538461538462
1951.5,4.558461538461538
1951.5833333333333,4.535384615384615
1951.6666666666667,4.512307692307692
1951.75,4.489230769230769
1951.8333333333333,4.466153846153846
1951.9166666666667,4.443076923076923
1952.0,4.42
1952.0,4.454285714285715
1952.0833333333333,4.488571428571428
1952.1666666666667,4.522857142857143
1952.25,4.557142857142857
1952.3333333333333,4.591428571428572
1952.4166666666667,4.6257142857142854
1952.5,4.66
1952.5833333333333,4.694285714285715
1952.6666666666667,4.728571428571429
1952.75,4.762857142857143
1952.8333333333333,4.797142857142857
1952.9166666666667,4.831428571428572
1953.0,4.865714285714286
1953.0,4.9
1953.0833333333333,4.8330769230769235
1953.1666666666667,4.766153846153847
1953.25,4.69923076923077
1953.3333333333333,4.632307692307693
1953.4166666666667,4.565384615384616
1953.5,4.498461538461539
1953.5833333333333,4.431538461538461
1953.6666666666667,4.364615384615385
1953.75,4.297692307692308
1953.8333333333333,4.230769230769231
1953.9166666666667,4.163846153846154
1954.0,4.096923076923077
1954.0,4.03
1954.0833333333333,4.042307692307692
1954.1666666666667,4.054615384615385
1954.25,4.066923076923077
1954.3333333333333,4.07923076923077
1954.4166666666667,4.091538461538462
1954.5,4.103846153846154
1954.5833333333333,4.116153846153846
1954.6666666666667,4.128461538461539
1954.75,4.140769230769231
1954.8333333333333,4.153076923076924
1954.9166666666667,4.165384615384616
1955.0,4.1776923076923085
1955.0,4.19
1955.0833333333333,4.1061538461538465
1955.1666666666667,4.022307692307693
1955.25,3.9384615384615387
1955.3333333333333,3.8546153846153848
1955.4166666666667,3.770769230769231
1955.5,3.686923076923077
1955.5833333333333,3.603076923076923
1955.6666666666667,3.519230769230769
1955.75,3.4353846153846153
1955.8333333333333,3.3515384615384614
1955.9166666666667,3.267692307692308
1956.0,3.183846153846154
1956.0,3.1
1956.0833333333333,3.2408333333333332
1956.1666666666667,3.381666666666667
1956.25,3.5225
1956.3333333333333,3.6633333333333336
1956.4166666666667,3.8041666666666667
1956.5,3.9450000000000003
1956.5833333333333,4.085833333333333
1956.6666666666667,4.226666666666667
1956.75,4.3675
1956.8333333333333,4.508333333333334
1956.9166666666667,4.649166666666667
1957.0,4.79
1957.0,4.780714285714286
1957.0833333333333,4.771428571428571
1957.1666666666667,4.762142857142857
1957.25,4.752857142857143
1957.3333333333333,4.743571428571428
1957.4166666666667,4.734285714285714
1957.5,4.725
1957.5833333333333,4.715714285714286
1957.6666666666667,4.706428571428572
1957.75,4.6971428571428575
1957.8333333333333,4.687857142857143
1957.9166666666667,4.678571428571429
1958.0,4.6692857142857145
1958.0,4.66
1958.0833333333333,4.707692307692308
1958.1666666666667,4.7553846153846155
1958.25,4.803076923076923
1958.3333333333333,4.850769230769231
1958.4166666666667,4.898461538461539
1958.5,4.946153846153846
1958.5833333333333,4.993846153846154
1958.6666666666667,5.041538461538462
1958.75,5.0892307692307694
1958.8333333333333,5.136923076923077
1958.9166666666667,5.184615384615385
1959.0,5.2323076923076925
1959.0,5.28
1959.0833333333333,5.2075000000000005
1959.1666666666667,5.135
1959.25,5.0625
1959.3333333333333,4.99
1959.4166666666667,4.9175
1959.5,4.845000000000001
1959.5833333333333,4.7725
1959.6666666666667,4.7
1959.75,4.6275
1959.8333333333333,4.555
1959.9166666666667,4.4825
1960.0,4.41
1960.0,4.49
1960.0833333333333,4.57
1960.1666666666667,4.65
1960.25,4.73
1960.3333333333333,4.8100000000000005
1960.4166666666667,4.890000000000001
1960.5,4.970000000000001
1960.5833333333333,5.05
1960.6666666666667,5.13
1960.75,5.21
1960.8333333333333,5.29
1960.9166666666667,5.37
1961.0,5.45
1961.0,5.53
1961.0833333333333,5.3775
1961.1666666666667,5.2250000000000005
1961.25,5.0725
1961.3333333333333,4.92
1961.4166666666667,4.7675
1961.5,4.615
1961.5833333333333,4.4625
1961.6666666666667,4.3100000000000005
1961.75,4.157500000000001
1961.8333333333333,4.005000000000001
1961.9166666666667,3.8525
1962.0,3.7
1962.0,3.700769230769231
1962.0833333333333,3.701538461538462
1962.1666666666667,3.7023076923076923
1962.25,3.703076923076923
1962.3333333333333,3.703846153846154
1962.4166666666667,3.704615384615385
1962.5,3.7053846153846153
1962.5833333333333,3.706153846153846
1962.6666666666667,3.706923076923077
1962.75,3.707692307692308
1962.8333333333333,3.7084615384615383
1962.9166666666667,3.709230769230769
1963.0,3.71
1963.0,3.8038461538461537
1963.0833333333333,3.897692307692308
1963.1666666666667,3.9915384615384615
1963.25,4.085384615384616
1963.3333333333333,4.179230769230769
1963.4166666666667,4.273076923076923
1963.5,4.366923076923077
1963.5833333333333,4.46076923076923
1963.6666666666667,4.554615384615384
1963.75,4.648461538461538
1963.8333333333333,4.742307692307692
1963.9166666666667,4.836153846153846
1964.0,4.93
1964.0,4.840714285714285
1964.0833333333333,4.751428571428571
1964.1666666666667,4.662142857142857
1964.25,4.572857142857143
1964.3333333333333,4.4835714285714285
1964.4166666666667,4.394285714285714
1964.5,4.305
1964.5833333333333,4.215714285714285
1964.6666666666667,4.126428571428571
1964.75,4.037142857142857
1964.8333333333333,3.947857142857143
1964.9166666666667,3.8585714285714285
1965.0,3.769285714285714
1965.0,3.68
1965.0833333333333,3.7600000000000002
1965.1666666666667,3.84
1965.25,3.92
1965.3333333333333,4.0
1965.4166666666667,4.08
1965.5,4.16
1965.5833333333333,4.24
1965.6666666666667,4.32
1965.75,4.3999999999999995
1965.8333333333333,4.4799999999999995
1965.9166666666667,4.56
1966.0,4.64
1966.0,4.645384615384615
1966.0833333333333,4.650769230769231
1966.1666666666667,4.656153846153846
1966.25,4.661538461538461
1966.3333333333333,4.6669230769230765
1966.4166666666667,4.672307692307692
1966.5,4.677692307692308
1966.5833333333333,4.683076923076923
1966.6666666666667,4.688461538461539
1966.75,4.693846153846153
1966.8333333333333,4.699230769230769
1966.9166666666667,4.704615384615384
1967.0,4.71
1967.0,4.681538461538461
1967.0833333333333,4.653076923076923
1967.1666666666667,4.624615384615384
1967.25,4.596153846153846
1967.3333333333333,4.567692307692307
1967.4166666666667,4.539230769230769
1967.5,4.510769230769231
1967.5833333333333,4.4823076923076925
1967.6666666666667,4.453846153846154
1967.75,4.4253846153846155
1967.8333333333333,4.396923076923077
1967.9166666666667,4.368461538461538
1968.0,4.34
1968.0,4.32
1968.0833333333333,4.3
1968.1666666666667,4.28
1968.25,4.26
1968.3333333333333,4.24
1968.4166666666667,4.22
1968.5,4.2
1968.5833333333333,4.18
1968.6666666666667,4.16
1968.75,4.14
1968.8333333333333,4.12
1968.9166666666667,4.1
1969.0,4.08
1969.0,4.07923076923077
1969.0833333333333,4.078461538461538
1969.1666666666667,4.077692307692308
1969.25,4.076923076923077
1969.3333333333333,4.076153846153846
1969.4166666666667,4.075384615384616
1969.5,4.0746153846153845
1969.5833333333333,4.073846153846154
1969.6666666666667,4.073076923076924
1969.75,4.072307692307692
1969.8333333333333,4.071538461538462
1969.9166666666667,4.070769230769231
1970.0,4.07
1970.0,4.112307692307692
1970.0833333333333,4.154615384615385
1970.1666666666667,4.196923076923077
1970.25,4.23923076923077
1970.3333333333333,4.281538461538462
1970.4166666666667,4.323846153846154
1970.5,4.366153846153846
1970.5833333333333,4.408461538461538
1970.6666666666667,4.450769230769231
1970.75,4.493076923076924
1970.8333333333333,4.535384615384616
1970.9166666666667,4.577692307692308
1971.0,4.62
1971.0,4.590769230769231
1971.0833333333333,4.561538461538461
1971.1666666666667,4.532307692307692
1971.25,4.503076923076923
1971.3333333333333,4.473846153846154
1971.4166666666667,4.444615384615385
1971.5,4.415384615384616
1971.5833333333333,4.386153846153847
1971.6666666666667,4.356923076923077
1971.75,4.327692307692308
1971.8333333333333,4.298461538461539
1971.9166666666667,4.269230769230769
1972.0,4.24
1972.0,4.240769230769231
1972.0833333333333,4.241538461538462
1972.1666666666667,4.242307692307692
1972.25,4.243076923076924
1972.3333333333333,4.243846153846154
1972.4166666666667,4.2446153846153845
1972.5,4.245384615384616
1972.5833333333333,4.246153846153846
1972.6666666666667,4.246923076923077
1972.75,4.247692307692308
1972.8333333333333,4.248461538461538
1972.9166666666667,4.24923076923077
1973.0,4.25
1973.0,4.268461538461539
1973.0833333333333,4.286923076923077
1973.1666666666667,4.305384615384615
1973.25,4.323846153846154
1973.3333333333333,4.342307692307692
1973.4166666666667,4.360769230769231
1973.5,4.3792307692307695
1973.5833333333333,4.397692307692308
1973.6666666666667,4.416153846153846
1973.75,4.434615384615385
1973.8333333333333,4.453076923076924
1973.9166666666667,4.4715384615384615
1974.0,4.49
1974.0,4.508571428571429
1974.0833333333333,4.527142857142858
1974.1666666666667,4.545714285714286
1974.25,4.564285714285714
1974.3333333333333,4.582857142857143
1974.4166666666667,4.601428571428571
1974.5,4.62
1974.5833333333333,4.638571428571429
1974.6666666666667,4.6571428571428575
1974.75,4.675714285714286
1974.8333333333333,4.694285714285714
1974.9166666666667,4.712857142857143
1975.0,4.731428571428571
1975.0,4.75
1975.0833333333333,4.739166666666667
1975.1666666666667,4.7283333333333335
1975.25,4.7175
1975.3333333333333,4.706666666666667
1975.4166666666667,4.695833333333334
1975.5,4.6850000000000005
1975.5833333333333,4.674166666666666
1975.6666666666667,4.663333333333333
1975.75,4.6525
1975.8333333333333,4.641666666666667
1975.9166666666667,4.630833333333333
1976.0,4.62
1976.0,4.6292307692307695
1976.0833333333333,4.638461538461539
1976.1666666666667,4.647692307692308
1976.25,4.656923076923077
1976.3333333333333,4.666153846153846
1976.4166666666667,4.6753846153846155
1976.5,4.684615384615385
1976.5833333333333,4.693846153846154
1976.6666666666667,4.703076923076924
1976.75,4.712307692307692
1976.8333333333333,4.7215384615384615
1976.9166666666667,4.730769230769231
1977.0,4.74
1977.0,4.697857142857143
1977.0833333333333,4.655714285714286
1977.1666666666667,4.613571428571428
1977.25,4.571428571428572
1977.3333333333333,4.529285714285715
1977.4166666666667,4.4871428571428575
1977.5,4.445
1977.5833333333333,4.402857142857143
1977.6666666666667,4.360714285714286
1977.75,4.3185714285714285
1977.8333333333333,4.276428571428572
1977.9166666666667,4.234285714285715
1978.0,4.192142857142858
1978.0,4.15
1978.0833333333333,4.173333333333334
1978.1666666666667,4.196666666666667
1978.25,4.220000000000001
1978.3333333333333,4.243333333333333
1978.4166666666667,4.266666666666667
1978.5,4.29
1978.5833333333333,4.3133333333333335
1978.6666666666667,4.336666666666667
1978.75,4.359999999999999
1978.8333333333333,4.383333333333333
1978.9166666666667,4.406666666666666
1979.0,4.43
1979.0,4.3878571428571425
1979.0833333333333,4.345714285714285
1979.1666666666667,4.303571428571428
1979.25,4.261428571428572
1979.3333333333333,4.219285714285714
1979.4166666666667,4.177142857142857
1979.5,4.135
1979.5833333333333,4.0928571428571425
1979.6666666666667,4.050714285714285
1979.75,4.008571428571428
1979.8333333333333,3.966428571428571
1979.9166666666667,3.9242857142857144
1980.0,3.882142857142857
1980.0,3.84
1980.0833333333333,3.893333333333333
1980.1666666666667,3.9466666666666668
1980.25,4.0
1980.3333333333333,4.053333333333334
1980.4166666666667,4.1066666666666665
1980.5,4.16
1980.5833333333333,4.213333333333334
1980.6666666666667,4.266666666666667
1980.75,4.32
1980.8333333333333,4.373333333333334
1980.9166666666667,4.426666666666667
1981.0,4.48
1981.0,4.532857142857143
1981.0833333333333,4.585714285714286
1981.1666666666667,4.638571428571429
1981.25,4.691428571428571
1981.3333333333333,4.744285714285715
1981.4166666666667,4.797142857142857
1981.5,4.85
1981.5833333333333,4.902857142857143
1981.6666666666667,4.9557142857142855
1981.75,5.008571428571429
1981.8333333333333,5.061428571428571
1981.9166666666667,5.114285714285714
1982.0,5.167142857142857
1982.0,5.22
1982.0833333333333,5.2299999999999995
1982.1666666666667,5.24
1982.25,5.25
1982.3333333333333,5.26
1982.4166666666667,5.27
1982.5,5.279999999999999
1982.5833333333333,5.29
1982.6666666666667,5.3
1982.75,5.31
1982.8333333333333,5.32
1982.9166666666667,5.33
1983.0,5.34
1983.0,5.246153846153846
1983.0833333333333,5.1523076923076925
1983.1666666666667,5.058461538461538
1983.25,4.964615384615384
1983.3333333333333,4.8707692307692305
1983.4166666666667,4.776923076923077
1983.5,4.683076923076923
1983.5833333333333,4.5892307692307694
1983.6666666666667,4.495384615384616
1983.75,4.401538461538461
1983.8333333333333,4.3076923076923075
1983.9166666666667,4.213846153846154
1984.0,4.12
1984.0,4.138461538461539
1984.0833333333333,4.156923076923077
1984.1666666666667,4.1753846153846155
1984.25,4.193846153846154
1984.3333333333333,4.212307692307692
1984.4166666666667,4.230769230769231
1984.5,4.24923076923077
1984.5833333333333,4.267692307692308
1984.6666666666667,4.286153846153846
1984.75,4.304615384615385
1984.8333333333333,4.323076923076924
1984.9166666666667,4.341538461538462
1985.0,4.36
1985.0,4.377857142857144
1985.0833333333333,4.395714285714286
1985.1666666666667,4.413571428571429
1985.25,4.4314285714285715
1985.3333333333333,4.449285714285715
1985.4166666666667,4.467142857142857
1985.5,4.485
1985.5833333333333,4.502857142857144
1985.6666666666667,4.520714285714286
1985.75,4.538571428571429
1985.8333333333333,4.5564285714285715
1985.9166666666667,4.574285714285715
1986.0,4.592142857142857
1986.0,4.61
1986.0833333333333,4.616666666666667
1986.1666666666667,4.623333333333334
1986.25,4.630000000000001
1986.3333333333333,4.636666666666667
1986.4166666666667,4.6433333333333335
1986.5,4.65
1986.5833333333333,4.656666666666667
1986.6666666666667,4.663333333333334
1986.75,4.67
1986.8333333333333,4.676666666666667
1986.9166666666667,4.683333333333334
1987.0,4.69
1987.0,4.7371428571428575
1987.0833333333333,4.784285714285715
1987.1666666666667,4.831428571428572
1987.25,4.878571428571429
1987.3333333333333,4.925714285714286
1987.4166666666667,4.972857142857143
1987.5,5.02
1987.5833333333333,5.067142857142857
1987.6666666666667,5.114285714285714
1987.75,5.161428571428571
1987.8333333333333,5.208571428571428
1987.9166666666667,5.255714285714285
1988.0,5.3028571428571425
1988.0,5.35
1988.0833333333333,5.388461538461538
1988.1666666666667,5.426923076923076
1988.25,5.465384615384615
1988.3333333333333,5.503846153846154
1988.4166666666667,5.542307692307692
1988.5,5.5807692307692305
1988.5833333333333,5.619230769230769
1988.6666666666667,5.657692307692307
1988.75,5.6961538461538455
1988.8333333333333,5.734615384615385
1988.9166666666667,5.773076923076923
1989.0,5.811538461538461
1989.0,5.85
1989.0833333333333,5.8374999999999995
1989.1666666666667,5.824999999999999
1989.25,5.8125
1989.3333333333333,5.8
1989.4166666666667,5.7875
1989.5,5.775
1989.5833333333333,5.7625
1989.6666666666667,5.75
1989.75,5.7375
1989.8333333333333,5.725
1989.9166666666667,5.7125
1990.0,5.7
1990.0,5.644615384615385
1990.0833333333333,5.5892307692307694
1990.1666666666667,5.533846153846154
1990.25,5.478461538461539
1990.3333333333333,5.423076923076923
1990.4166666666667,5.367692307692308
1990.5,5.312307692307693
1990.5833333333333,5.256923076923077
1990.6666666666667,5.201538461538462
1990.75,5.1461538461538465
1990.8333333333333,5.090769230769231
1990.9166666666667,5.035384615384616
1991.0,4.98
1991.0,5.032857142857143
1991.0833333333333,5.085714285714286
1991.1666666666667,5.138571428571429
1991.25,5.191428571428571
1991.3333333333333,5.244285714285715
1991.4166666666667,5.297142857142857
1991.5,5.35
1991.5833333333333,5.402857142857143
1991.6666666666667,5.4557142857142855
1991.75,5.508571428571429
1991.8333333333333,5.561428571428571
1991.9166666666667,5.614285714285714
1992.0,5.667142857142857
1992.0,5.72
1992.0833333333333,5.675
1992.1666666666667,5.63
1992.25,5.585
1992.3333333333333,5.54
1992.4166666666667,5.495
1992.5,5.449999999999999
1992.5833333333333,5.404999999999999
1992.6666666666667,5.359999999999999
1992.75,5.3149999999999995
1992.8333333333333,5.27
1992.9166666666667,5.225
1993.0,5.18
1993.0,5.265714285714285
1993.0833333333333,5.351428571428571
1993.1666666666667,5.437142857142857
1993.25,5.522857142857142
1993.3333333333333,5.6085714285714285
1993.4166666666667,5.694285714285714
1993.5,5.779999999999999
1993.5833333333333,5.865714285714286
1993.6666666666667,5.951428571428571
1993.75,6.037142857142857
1993.8333333333333,6.122857142857143
1993.9166666666667,6.208571428571428
1994.0,6.2942857142857145
1994.0,6.38
1994.0833333333333,6.281666666666666
1994.1666666666667,6.183333333333334
1994.25,6.085
1994.3333333333333,5.986666666666666
1994.4166666666667,5.888333333333334
1994.5,5.79
1994.5833333333333,5.691666666666666
1994.6666666666667,5.593333333333334
1994.75,5.495
1994.8333333333333,5.3966666666666665
1994.9166666666667,5.298333333333334
1995.0,5.2
1995.0,5.158571428571428
1995.0833333333333,5.117142857142857
1995.1666666666667,5.075714285714286
1995.25,5.034285714285715
1995.3333333333333,4.992857142857143
1995.4166666666667,4.951428571428572
1995.5,4.91
1995.5833333333333,4.868571428571428
1995.6666666666667,4.827142857142857
1995.75,4.785714285714286
1995.8333333333333,4.744285714285715
1995.9166666666667,4.702857142857143
1996.0,4.661428571428572
1996.0,4.62
1996.0833333333333,4.7225
1996.1666666666667,4.825
1996.25,4.9275
1996.3333333333333,5.03
1996.4166666666667,5.1325
1996.5,5.234999999999999
1996.5833333333333,5.3375
1996.6666666666667,5.4399999999999995
1996.75,5.5424999999999995
1996.8333333333333,5.645
1996.9166666666667,5.7475
1997.0,5.85
1997.0,5.819999999999999
1997.0833333333333,5.79
1997.1666666666667,5.76
1997.25,5.7299999999999995
1997.3333333333333,5.7
1997.4166666666667,5.67
1997.5,5.64
1997.5833333333333,5.609999999999999
1997.6666666666667,5.58
1997.75,5.55
1997.8333333333333,5.52
1997.9166666666667,5.49
1998.0,5.46
1998.0,5.453076923076923
1998.0833333333333,5.446153846153846
1998.1666666666667,5.439230769230769
1998.25,5.432307692307693
1998.3333333333333,5.4253846153846155
1998.4166666666667,5.418461538461538
1998.5,5.411538461538462
1998.5833333333333,5.404615384615385
1998.6666666666667,5.397692307692307
1998.75,5.390769230769231
1998.8333333333333,5.383846153846154
1998.9166666666667,5.376923076923077
1999.0,5.37
1999.0,5.414285714285715
1999.0833333333333,5.458571428571429
1999.1666666666667,5.502857142857143
1999.25,5.547142857142857
1999.3333333333333,5.591428571428572
1999.4166666666667,5.635714285714286
1999.5,5.68
1999.5833333333333,5.724285714285714
1999.6666666666667,5.768571428571429
1999.75,5.812857142857143
1999.8333333333333,5.857142857142858
1999.9166666666667,5.901428571428571
2000.0,5.945714285714286
2000.0,5.99
2000.0833333333333,5.94923076923077
2000.1666666666667,5.908461538461538
2000.25,5.867692307692308
2000.3333333333333,5.826923076923077
2000.4166666666667,5.786153846153846
2000.5,5.745384615384616
2000.5833333333333,5.704615384615384
2000.6666666666667,5.663846153846154
2000.75,5.6230769230769235
2000.8333333333333,5.582307692307692
2000.9166666666667,5.541538461538462
2001.0,5.50076923076923
2001.0,5.46
2001.0833333333333,5.511666666666667
2001.1666666666667,5.5633333333333335
2001.25,5.615
2001.3333333333333,5.666666666666667
2001.4166666666667,5.718333333333334
2001.5,5.77
2001.5833333333333,5.821666666666666
2001.6666666666667,5.873333333333333
2001.75,5.925
2001.8333333333333,5.976666666666667
2001.9166666666667,6.028333333333333
2002.0,6.08
2002.0,6.091428571428572
2002.0833333333333,6.102857142857143
2002.1666666666667,6.114285714285715
2002.25,6.1257142857142854
2002.3333333333333,6.137142857142857
2002.4166666666667,6.148571428571429
2002.5,6.16
2002.5833333333333,6.171428571428572
2002.6666666666667,6.182857142857143
2002.75,6.194285714285715
2002.8333333333333,6.2057142857142855
2002.9166666666667,6.217142857142857
2003.0,6.228571428571429
2003.0,6.24
2003.0833333333333,6.17
2003.1666666666667,6.1000000000000005
2003.25,6.03
2003.3333333333333,5.96
2003.4166666666667,5.890000000000001
2003.5,5.82
2003.5833333333333,5.75
2003.6666666666667,5.680000000000001
2003.75,5.61
2003.8333333333333,5.54
2003.9166666666667,5.470000000000001
2004.0,5.4
2004.0,5.370714285714286
2004.0833333333333,5.341428571428572
2004.1666666666667,5.312142857142858
2004.25,5.282857142857143
2004.3333333333333,5.253571428571429
2004.4166666666667,5.224285714285714
2004.5,5.195
2004.5833333333333,5.165714285714286
2004.6666666666667,5.136428571428572
2004.75,5.107142857142858
2004.8333333333333,5.077857142857143
2004.9166666666667,5.048571428571429
2005.0,5.019285714285714
2005.0,4.99
2005.0833333333333,5.063846153846154
2005.1666666666667,5.137692307692308
2005.25,5.211538461538462
2005.3333333333333,5.285384615384616
2005.4166666666667,5.359230769230769
2005.5,5.433076923076923
2005.5833333333333,5.506923076923077
2005.6666666666667,5.580769230769231
2005.75,5.654615384615385
2005.8333333333333,5.728461538461539
2005.9166666666667,5.802307692307693
2006.0,5.876153846153846
2006.0,5.95
2006.0833333333333,5.9592307692307696
2006.1666666666667,5.968461538461539
2006.25,5.977692307692308
2006.3333333333333,5.986923076923077
2006.4166666666667,5.996153846153846
2006.5,6.0053846153846155
2006.5833333333333,6.014615384615385
2006.6666666666667,6.023846153846154
2006.75,6.033076923076924
2006.8333333333333,6.042307692307692
2006.9166666666667,6.0515384615384615
2007.0,6.060769230769231
2007.0,6.07
2007.0833333333333,6.032500000000001
2007.1666666666667,5.995
2007.25,5.9575000000000005
2007.3333333333333,5.92
2007.4166666666667,5.8825
2007.5,5.845000000000001
2007.5833333333333,5.8075
2007.6666666666667,5.7700000000000005
2007.75,5.7325
2007.8333333333333,5.695
2007.9166666666667,5.6575
2008.0,5.62
2008.0,5.633571428571429
2008.0833333333333,5.647142857142857
2008.1666666666667,5.660714285714286
2008.25,5.674285714285714
2008.3333333333333,5.687857142857143
2008.4166666666667,5.701428571428571
2008.5,5.715
2008.5833333333333,5.728571428571429
2008.6666666666667,5.7421428571428565
2008.75,5.755714285714285
2008.8333333333333,5.769285714285714
2008.9166666666667,5.782857142857143
2009.0,5.796428571428571
2009.0,5.81
2009.0833333333333,5.716666666666667
2009.1666666666667,5.623333333333333
2009.25,5.529999999999999
2009.3333333333333,5.4366666666666665
2009.4166666666667,5.343333333333334
2009.5,5.25
2009.5833333333333,5.156666666666666
2009.6666666666667,5.0633333333333335
2009.75,4.970000000000001
2009.8333333333333,4.876666666666667
2009.9166666666667,4.783333333333333
2010.0,4.69
2010.0,4.827857142857143
2010.0833333333333,4.965714285714286
2010.1666666666667,5.103571428571429
2010.25,5.241428571428572
2010.3333333333333,5.3792857142857144
2010.4166666666667,5.517142857142858
2010.5,5.655
2010.5833333333333,5.792857142857143
2010.6666666666667,5.930714285714286
2010.75,6.068571428571429
2010.8333333333333,6.206428571428572
2010.9166666666667,6.344285714285714
2011.0,6.482142857142858
2011.0,6.62
2011.0833333333333,6.5525
2011.1666666666667,6.485
2011.25,6.4175
2011.3333333333333,6.35
2011.4166666666667,6.2825
2011.5,6.215
2011.5833333333333,6.1475
2011.6666666666667,6.08
2011.75,6.012499999999999
2011.8333333333333,5.944999999999999
2011.9166666666667,5.8774999999999995
2012.0,5.81
2012.0,5.768461538461538
2012.0833333333333,5.726923076923076
2012.1666666666667,5.685384615384615
2012.25,5.6438461538461535
2012.3333333333333,5.602307692307692
2012.4166666666667,5.56076923076923
2012.5,5.519230769230769
2012.5833333333333,5.477692307692307
2012.6666666666667,5.436153846153846
2012.75,5.394615384615384
2012.8333333333333,5.353076923076923
2012.9166666666667,5.311538461538461
2013.0,5.27
2013.0,5.3585714285714285
2013.0833333333333,5.447142857142857
2013.1666666666667,5.535714285714286
2013.25,5.624285714285714
2013.3333333333333,5.712857142857143
2013.4166666666667,5.801428571428572
2013.5,5.89
2013.5833333333333,5.978571428571429
2013.6666666666667,6.067142857142857
2013.75,6.155714285714286
2013.8333333333333,6.244285714285714
2013.9166666666667,6.332857142857143
2014.0,6.421428571428571
2014.0,6.51
2014.0833333333333,6.522307692307692
2014.1666666666667,6.5346153846153845
2014.25,6.546923076923076
2014.3333333333333,6.559230769230769
2014.4166666666667,6.571538461538461
2014.5,6.583846153846154
2014.5833333333333,6.596153846153846
2014.6666666666667,6.608461538461539
2014.75,6.6207692307692305
2014.8333333333333,6.633076923076923
2014.9166666666667,6.645384615384615
2015.0,6.657692307692308
2015.0,6.67
2015.0833333333333,6.623846153846154
2015.1666666666667,6.577692307692308
2015.25,6.531538461538462
2015.3333333333333,6.485384615384615
2015.4166666666667,6.439230769230769
2015.5,6.393076923076923
2015.5833333333333,6.346923076923077
2015.6666666666667,6.300769230769231
2015.75,6.254615384615385
2015.8333333333333,6.208461538461538
2015.9166666666667,6.162307692307692
2016.0,6.116153846153846
2016.0,6.07
2016.0833333333333,6.078461538461538
2016.1666666666667,6.086923076923077
2016.25,6.095384615384615
2016.3333333333333,6.103846153846154
2016.4166666666667,6.112307692307692
2016.5,6.1207692307692305
2016.5833333333333,6.1292307692307695
2016.6666666666667,6.137692307692308
2016.75,6.146153846153846
2016.8333333333333,6.154615384615385
2016.9166666666667,6.163076923076923
2017.0,6.171538461538462
2017.0,6.18
2017.0833333333333,6.233846153846153
2017.1666666666667,6.287692307692307
2017.25,6.341538461538462
2017.3333333333333,6.395384615384615
2017.4166666666667,6.449230769230769
2017.5,6.5030769230769225
2017.5833333333333,6.556923076923077
2017.6666666666667,6.610769230769231
2017.75,6.664615384615384
2017.8333333333333,6.718461538461538
2017.9166666666667,6.772307692307693
2018.0,6.826153846153846
2018.0,6.88
2018.0833333333333,6.88
2018.1666666666667,6.88
2018.25,6.88
2018.3333333333333,6.88
2018.4166666666667,6.88
2018.5,6.88
2018.5833333333333,6.88
2018.6666666666667,6.88
2018.75,6.88
2018.8333333333333,6.88
2018.9166666666667,6.88
2019.0,6.88
2019.0,6.88
2019.0833333333333,6.88
2019.1666666666667,6.88
2019.25,6.88
2019.3333333333333,6.88
2019.4166666666667,6.88
2019.5,6.88
2019.5833333333333,6.88
2019.6666666666667,6.88
2019.75,6.88
2019.8333333333333,6.88
2019.9166666666667,6.88
2020.0,6.88
